CL,CD,aoa
-0.114285714,0.0744,-5
-0.050793651,0.068,-4
0.082539683,0.0552,-2
0.247619048,0.0512,0
0.4,0.052,2
0.46984127,0.0528,3
0.542857143,0.0576,4
0.685714286,0.0656,6
0.80952381,0.0776,8
0.873015873,0.0832,9
0.93015873,0.0928,10
1.047619048,0.1104,12
1.155555556,0.1296,14
1.250793651,0.1504,16
1.13015873,0.2024,18
1.146031746,0.2248,20
1.146031746,0.2252,22
1.158730159,0.2816,24
