CL,CD,aoa
-0.066666667,0.06,-5
0.0,0.056,-4
0.149206349,0.04384,-2
0.298412698,0.0416,0
0.444444444,0.0456,2
0.517460317,0.048,3
0.584126984,0.0528,4
0.717460317,0.0624,6
0.834920635,0.0768,8
0.895238095,0.084,9
0.952380952,0.0936,10
1.06031746,0.1104,12
1.165079365,0.1288,14
1.26031746,0.148,16
1.13015873,0.1952,18
1.161904762,0.22,20
1.212698413,0.2452,22
1.20952381,0.2752,24
