CL,CD,aoa
-0.133333333,0.0728,-5
-0.066666667,0.0672,-4
0.073015873,0.0552,-2
0.225396825,0.0496,0
0.384126984,0.052,2
0.46031746,0.0536,3
0.536507937,0.0576,4
0.673015873,0.0672,6
0.803174603,0.0792,8
0.873015873,0.0848,9
0.93015873,0.0944,10
1.041269841,0.112,12
1.146031746,0.1304,14
1.247619048,0.152,16
1.342857143,0.1744,18
0.933333333,0.288,20
0.895238095,0.3264,22
0.917460317,0.372,24
