CL,CD,aoa
-0.133333333,0.0792,-5
-0.06984127,0.0744,-4
0.063492063,0.064,-2
0.219047619,0.0592,0
0.374603175,0.0632,2
0.450793651,0.0648,3
0.520634921,0.0704,4
0.653968254,0.0832,6
0.666666667,0.1248,8
0.674603175,0.1448,9
0.695238095,0.1616,10
0.734920635,0.1936,12
0.755555556,0.2232,14
0.79047619,0.2504,16
0.815873016,0.2816,18
0.834920635,0.3168,20
0.853968254,0.3512,22
0.866666667,0.3864,24
